prize,image_path
バンジージャンプをする,images/image1.jpg
鎌倉遠足,images/image2.jpg
帝国ホテルでランチビュッフェ,images/image3.jpg
野球観戦,images/image4.jpg
カバディ観戦,images/image5.jpg
トリップアドバイザー人気No1の神奈川県ポーラ美術館,images/image6.jpg
次の月曜日にやる仕事の一部を実施,images/image7.jpg
ROCK IN JAPAN FESTIVAL 2024に参加,images/image8.jpg
東京ドームで巨人戦を観戦,images/image9.jpg
甲子園に高校球児の戦いを観戦しに行く,images/image10.jpg
浅草のビアガーデンに飲みに行く,images/image11.jpg
神楽坂の会員制のすし屋で夕食,images/image12.jpg
アジの船釣り＠東京湾,images/image14.jpg
ミステリーツアー＠韓国に参加,images/image15.jpg
奥多摩の幽霊トンネルに肝試ししに行く,images/image16.jpg
京都の清水寺で2h座禅体験,images/image17.jpg
筑波山登山,images/image18.jpg
Vaundyのライブ観賞,images/image19.jpg
お笑い芸人のライブ鑑賞,images/image20.jpg
ディズニーシーへ行く,images/image21.jpg
自宅から歩いて3㎞以上の距離にある公園にいく,images/image22.jpg
スタバでコーヒーを飲みに行く,images/image23.jpg
個人経営のカフェを発見し、おすすめのコーヒーを飲む,images/image24.jpg
スカイダイビングする,images/image25.jpg
大掃除する,images/image26.jpg
上野の動物園へ行く,images/image27.jpg
池袋のプラネタリウムへ行く,images/image28.jpg
コナンの最新作の映画を見に行く,images/image29.jpg
好きな時間に映画館へ行き、上映時間が近い作品を見る,images/image30.jpg
千葉の海でサーフィン体験,images/image31.jpg
ミステリーツアー＠東京に参加,images/image32.jpg
競馬の有馬記念に行く,images/image33.jpg
下呂温泉へ行く,images/image34.jpg